{"cameraMode":{"drawMode":0,"name":"Shaded","section":"Shading Mode"},"sceneLighting":false,"audioPlay":false,"sceneViewState":{"m_AlwaysRefresh":false,"showFog":true,"showSkybox":false,"showFlares":true,"showImageEffects":true,"showParticleSystems":true,"showVisualEffectGraphs":true,"m_FxEnabled":true},"in2DMode":false,"pivot":{"x":0.03593730926513672,"y":4.743062496185303,"z":-0.03937840461730957},"rotation":{"x":-0.02273888699710369,"y":-0.9731727838516235,"z":0.1102510392665863,"w":-0.20071133971214295},"size":7.921682357788086,"orthographic":false}