{"cameraMode":{"drawMode":0,"name":"Shaded","section":"Shading Mode"},"sceneLighting":false,"audioPlay":false,"sceneViewState":{"m_AlwaysRefresh":false,"showFog":true,"showSkybox":false,"showFlares":true,"showImageEffects":true,"showParticleSystems":true,"showVisualEffectGraphs":true,"m_FxEnabled":true},"in2DMode":false,"pivot":{"x":27.599998474121095,"y":3.1999998092651369,"z":-27.700000762939454},"rotation":{"x":-0.12859272956848145,"y":-0.7873033285140991,"z":0.17548595368862153,"w":-0.5769249796867371},"size":1.8487048149108887,"orthographic":false}